{"cameraMode":{"drawMode":0,"name":"Shaded","section":"Shading Mode"},"sceneLighting":true,"audioPlay":false,"sceneViewState":{"showFog":false,"showMaterialUpdate":false,"showSkybox":false,"showFlares":false,"showImageEffects":true,"showParticleSystems":true},"in2DMode":false,"pivot":{"x":-0.9108266830444336,"y":-1.5942115783691407,"z":-0.4337608814239502},"rotation":{"x":-0.35352978110313418,"y":-0.5358027219772339,"z":0.263046532869339,"w":-0.7202930450439453},"size":5.707395553588867,"orthographic":false}