{"cameraMode":{"drawMode":0,"name":"Shaded","section":"Shading Mode"},"sceneLighting":false,"audioPlay":false,"sceneViewState":{"showFog":false,"showMaterialUpdate":false,"showSkybox":false,"showFlares":false,"showImageEffects":true,"showParticleSystems":true},"in2DMode":false,"pivot":{"x":0.5918522477149963,"y":0.9693850874900818,"z":0.5},"rotation":{"x":0.20517006516456605,"y":0.37740883231163027,"z":-0.08614074438810349,"w":0.8989148736000061},"size":0.8660253882408142,"orthographic":false}