{"cameraMode":{"drawMode":0,"name":"Shaded","section":"Shading Mode"},"sceneLighting":false,"audioPlay":false,"sceneViewState":{"showFog":false,"showMaterialUpdate":false,"showSkybox":false,"showFlares":false,"showImageEffects":true,"showParticleSystems":true},"in2DMode":false,"pivot":{"x":-0.9711858034133911,"y":0.009940743446350098,"z":-0.012475550174713135},"rotation":{"x":0.20526565611362458,"y":0.5832600593566895,"z":-0.1554298996925354,"w":0.7704392075538635},"size":0.8660253882408142,"orthographic":false}