{"cameraMode":{"drawMode":0,"name":"Shaded","section":"Shading Mode"},"sceneLighting":true,"audioPlay":false,"sceneViewState":{"showFog":false,"showMaterialUpdate":false,"showSkybox":false,"showFlares":false,"showImageEffects":true,"showParticleSystems":true},"in2DMode":false,"pivot":{"x":-0.9108266830444336,"y":-1.5942115783691407,"z":-0.4337608814239502},"rotation":{"x":0.4405052363872528,"y":0.4101960062980652,"z":-0.2369740605354309,"w":0.7626403570175171},"size":6.0073957443237309,"orthographic":false}