{"cameraMode":{"drawMode":0,"name":"Shaded","section":"Shading Mode"},"sceneLighting":true,"audioPlay":false,"sceneViewState":{"showFog":false,"showMaterialUpdate":false,"showSkybox":false,"showFlares":false,"showImageEffects":true,"showParticleSystems":true},"in2DMode":false,"pivot":{"x":-1.044641375541687,"y":0.8150269389152527,"z":0.6038202047348023},"rotation":{"x":-0.09358494728803635,"y":0.8994921445846558,"z":-0.35499170422554018,"w":-0.23707051575183869},"size":4.554224491119385,"orthographic":false}